Texto,Etiqueta
¿Puedo reservar un turno para la próxima semana?,consulta_turno
Quisiera agendar una cita médica para el martes por la mañana.,consulta_turno
¿Están disponibles los turnos para el especialista en dermatología?,consulta_turno
Necesito una cita con el odontólogo lo antes posible.,consulta_turno
¿Podría obtener un horario para una consulta de seguimiento?,consulta_turno
Me gustaría programar una cita para la tarde del viernes.,consulta_turno
¿Hay disponibilidad para una cita con el cardiólogo?,consulta_turno
¿Cuándo puedo agendar una consulta para chequeo médico?,consulta_turno
Quiero solicitar una hora con el médico de familia.,consulta_turno
¿Puedo obtener un turno para un análisis de sangre?,consulta_turno
Necesito reservar una cita para revisión médica.,consulta_turno
¿Están programando consultas para el fin de semana?,consulta_turno
¿Cuál es el horario disponible para una cita con el pediatra?,consulta_turno
Me gustaría agendar una cita para el mes próximo.,consulta_turno
¿Está abierto el calendario para reservar una hora?,consulta_turno
¿Hay algún horario disponible para el doctor general?,consulta_turno
¿Puedo obtener una cita para una ecografía?,consulta_turno
Quiero confirmar un turno para el próximo martes.,consulta_turno
¿Están programando consultas para hoy?,consulta_turno
¿Cuándo puedo obtener un horario para el dentista?,consulta_turno
¿Hay disponibilidad de turnos para el jueves por la tarde?,consulta_turno
Quisiera solicitar una cita para una ecografía.,consulta_turno
¿Puedo reservar una hora para una consulta de seguimiento?,consulta_turno
¿Está disponible la agenda para agendar una cita?,consulta_turno
¿Cuándo puedo agendar una cita con el oftalmólogo?,consulta_turno
"Me gustaría obtener un turno para el especialista en oído, nariz y garganta.",consulta_turno
¿Hay horarios libres para un control médico?,consulta_turno
Quiero agendar una cita para una consulta de seguimiento.,consulta_turno
¿Están disponibles las citas para mañana?,consulta_turno
¿Cuándo puedo programar una cita para el psicólogo?,consulta_turno
¿Hay disponibilidad para una consulta de control?,consulta_turno
Me gustaría reservar una cita para el próximo mes.,consulta_turno
¿Puedo obtener un turno para una cita de control de salud?,consulta_turno
¿Está abierto el calendario para reservar una hora médica?,consulta_turno
¿Hay algún horario disponible para el médico generalista?,consulta_turno
¿Puedo obtener una cita para una revisión de resultados?,consulta_turno
Quiero confirmar un turno para el martes próximo.,consulta_turno
¿Están programando consultas para hoy?,consulta_turno
¿Cuándo puedo obtener un horario para el dentista?,consulta_turno
¿Hay disponibilidad de turnos para el jueves por la tarde?,consulta_turno
Quisiera solicitar una cita para una ecografía.,consulta_turno
¿Puedo reservar una hora para una consulta de seguimiento?,consulta_turno
¿Está disponible la agenda para agendar una cita?,consulta_turno
¿Cuándo puedo agendar una cita con el oftalmólogo?,consulta_turno
"Me gustaría obtener un turno para el especialista en oído, nariz y garganta.",consulta_turno
¿Hay horarios libres para un control médico?,consulta_turno
Quiero agendar una cita para una consulta de seguimiento.,consulta_turno
¿Están disponibles las citas para mañana?,consulta_turno
¿Cuándo puedo programar una cita para el psicólogo?,consulta_turno
¿Hay disponibilidad para una consulta de control?,consulta_turno
Me gustaría reservar una cita para el próximo mes.,consulta_turno
¿Puedo obtener un turno para una cita de control de salud?,consulta_turno
¿Está abierto el calendario para reservar una hora médica?,consulta_turno
¿Hay algún horario disponible para el médico generalista?,consulta_turno
¿Puedo obtener una cita para una revisión de resultados?,consulta_turno
Quisiera reservar un turno para la semana que viene.,consulta_turno
¿Puedo agendar una cita médica para el próximo jueves?,consulta_turno
¿Están programando consultas para el especialista en neurología?,consulta_turno
Necesito una cita con el dentista lo antes posible.,consulta_turno
¿Podría obtener un horario para una revisión de resultados?,consulta_turno
Me gustaría programar una cita para el viernes por la mañana.,consulta_turno
¿Hay disponibilidad para una cita con el ginecólogo?,consulta_turno
¿Cuándo puedo agendar una consulta para un chequeo médico?,consulta_turno
Quiero solicitar una hora con el médico pediatra.,consulta_turno
¿Puedo obtener un turno para un análisis clínico?,consulta_turno
Necesito reservar una cita para una consulta de seguimiento cardiológica.,consulta_turno
¿Están programadas consultas para el próximo fin de semana?,consulta_turno
¿Cuál es el horario disponible para una cita con el psicólogo?,consulta_turno
Me gustaría agendar una cita para el mes entrante.,consulta_turno
¿Está abierto el calendario para reservar una hora de atención?,consulta_turno
¿Hay algún horario disponible para el médico especialista?,consulta_turno
¿Puedo obtener una cita para una ecografía abdominal?,consulta_turno
Quiero confirmar un turno para el próximo miércoles.,consulta_turno
¿Están programando consultas para mañana?,consulta_turno
¿Cuándo puedo obtener un horario para el odontólogo?,consulta_turno
¿Hay disponibilidad de turnos para el próximo jueves por la mañana?,consulta_turno
Quisiera solicitar una cita para una ecografía.,consulta_turno
¿Puedo reservar una hora para una consulta con el especialista?,consulta_turno
¿Está disponible la agenda para agendar una cita médica?,consulta_turno
¿Cuándo puedo agendar una cita con el oftalmólogo?,consulta_turno
Me gustaría obtener un turno para el especialista en otorrinolaringología.,consulta_turno
¿Hay horarios libres para un control oftalmológico?,consulta_turno
Quiero agendar una cita para una consulta de seguimiento.,consulta_turno
¿Están disponibles las citas para la próxima semana?,consulta_turno
¿Cuándo puedo programar una cita para el psiquiatra?,consulta_turno
¿Hay disponibilidad para una consulta de control endocrino?,consulta_turno
Me gustaría reservar una cita para el mes venidero.,consulta_turno
¿Puedo obtener un turno para una cita de control de salud mental?,consulta_turno
¿Está abierto el calendario para reservar una hora de consulta?,consulta_turno
¿Hay algún horario disponible para el médico clínico?,consulta_turno
¿Puedo obtener una cita para una revisión de resultados?,consulta_turno
Quiero confirmar un turno para el próximo martes.,consulta_turno
¿Están programando consultas para hoy?,consulta_turno
¿Cuándo puedo obtener un horario para el dentista?,consulta_turno
¿Hay disponibilidad de turnos para el jueves por la tarde?,consulta_turno
Quisiera solicitar una cita para una ecografía.,consulta_turno
¿Puedo reservar una hora para una consulta de seguimiento?,consulta_turno
¿Está disponible la agenda para agendar una cita?,consulta_turno
¿Cuándo puedo agendar una cita con el oftalmólogo?,consulta_turno
"Me gustaría obtener un turno para el especialista en oído, nariz y garganta.",consulta_turno
¿Hay horarios libres para un control médico?,consulta_turno
Quiero agendar una cita para una consulta de seguimiento.,consulta_turno
¿Están disponibles las citas para mañana?,consulta_turno
¿Cuándo puedo programar una cita para el psicólogo?,consulta_turno
¿Hay disponibilidad para una consulta de control?,consulta_turno
Me gustaría reservar una cita para el próximo mes.,consulta_turno
¿Puedo obtener un turno para una cita de control de salud?,consulta_turno
¿Está abierto el calendario para reservar una hora médica?,consulta_turno
¿Hay algún horario disponible para el médico generalista?,consulta_turno
¿Puedo obtener una cita para una revisión de resultados?,consulta_turno
¿Podría decirme el horario de atención?,pregunta_horario
Quisiera saber cuándo están abiertas las consultas.,pregunta_horario
¿Me podría informar sobre los horarios disponibles?,pregunta_horario
Necesito conocer los horarios de consulta del centro médico.,pregunta_horario
¿Cuál es el horario de trabajo de los especialistas?,pregunta_horario
Me interesa saber los horarios de atención al público.,pregunta_horario
¿Podría indicarme los horarios de disponibilidad?,pregunta_horario
Quiero averiguar sobre los horarios de consulta médica.,pregunta_horario
¿Cuándo están disponibles los turnos para el médico?,pregunta_horario
Me gustaría saber cuándo están abiertos para reservar.,pregunta_horario
¿Cuál es el horario de atención para las consultas externas?,pregunta_horario
¿Podría informarme sobre los horarios de atención médica?,pregunta_horario
Quiero conocer los horarios para agendar una cita.,pregunta_horario
¿Cuándo puedo obtener información sobre los horarios?,pregunta_horario
Necesito saber los horarios para programar una consulta.,pregunta_horario
¿Podría proporcionarme los horarios de atención?,pregunta_horario
Quiero averiguar sobre los horarios disponibles para consultas.,pregunta_horario
¿Cuál es el horario de apertura para agendar turnos?,pregunta_horario
¿Me podría decir cuándo están disponibles para ser atendido?,pregunta_horario
Necesito conocer los horarios de trabajo de los médicos.,pregunta_horario
¿Cuándo están disponibles las citas para el especialista?,pregunta_horario
Me gustaría saber cuándo está abierto para hacer una cita.,pregunta_horario
¿Cuál es el horario de atención para consultas médicas?,pregunta_horario
¿Podría decirme los horarios de disponibilidad de turnos?,pregunta_horario
Quiero saber cuándo están disponibles para hacer una reserva.,pregunta_horario
¿Cuál es el horario de atención para hacer consultas?,pregunta_horario
Me gustaría conocer los horarios disponibles para agendar.,pregunta_horario
¿Podría proporcionarme los horarios de atención al cliente?,pregunta_horario
Quiero saber los horarios de atención para reservar una cita.,pregunta_horario
¿Cuál es el horario disponible para hacer una cita médica?,pregunta_horario
Me gustaría saber cuándo está abierto para reservar turnos.,pregunta_horario
¿Podría decirme los horarios de atención al paciente?,pregunta_horario
Quiero saber cuándo están disponibles para una consulta médica.,pregunta_horario
¿Cuál es el horario de disponibilidad para agendar una cita?,pregunta_horario
Me gustaría conocer los horarios de trabajo del centro.,pregunta_horario
¿Podría proporcionarme los horarios de consulta disponibles?,pregunta_horario
Quiero averiguar los horarios de atención para reservar.,pregunta_horario
¿Cuál es el horario de apertura para hacer una cita?,pregunta_horario
Me gustaría saber cuándo están disponibles para atender.,pregunta_horario
¿Podría decirme los horarios para hacer una reserva?,pregunta_horario
Quiero saber cuándo están disponibles para agendar una cita.,pregunta_horario
¿Cuál es el horario de atención para reservar turnos?,pregunta_horario
Me gustaría conocer los horarios de disponibilidad de consulta.,pregunta_horario
¿Podría proporcionarme los horarios para agendar una cita?,pregunta_horario
Quiero averiguar los horarios disponibles para hacer una cita.,pregunta_horario
¿Cuál es el horario de atención para reservar una cita médica?,pregunta_horario
Me gustaría saber cuándo están disponibles para reservar.,pregunta_horario
¿Podría decirme los horarios de atención al cliente?,pregunta_horario
Quiero saber cuándo están disponibles para agendar una consulta.,pregunta_horario
¿Cuál es el horario de disponibilidad para reservar una cita?,pregunta_horario
Me gustaría conocer los horarios de atención para hacer una cita.,pregunta_horario
¿Podría proporcionarme los horarios de consulta disponibles?,pregunta_horario
Quiero saber los horarios de disponibilidad para reservar.,pregunta_horario
¿Cuál es el horario de apertura para agendar una cita?,pregunta_horario
Me gustaría saber cuándo están disponibles para atender consultas.,pregunta_horario
¿Podría decirme los horarios para hacer una reserva de turno?,pregunta_horario
Quiero saber cuándo están disponibles para agendar.,pregunta_horario
¿Cuál es el horario de atención para reservar turno?,pregunta_horario
Me gustaría conocer los horarios de disponibilidad para agendar una cita.,pregunta_horario
¿Podría proporcionarme los horarios de atención disponibles?,pregunta_horario
Quiero averiguar los horarios de atención para hacer una reserva.,pregunta_horario
¿Cuál es el horario de disponibilidad para hacer una cita?,pregunta_horario
Me gustaría saber cuándo están disponibles para hacer una cita médica.,pregunta_horario
¿Podría decirme los horarios de atención al cliente?,pregunta_horario
Quiero saber cuándo están disponibles para reservar una consulta.,pregunta_horario
¿Cuál es el horario de disponibilidad para reservar turno?,pregunta_horario
Me gustaría conocer los horarios de atención para agendar.,pregunta_horario
¿Podría proporcionarme los horarios para hacer una cita?,pregunta_horario
Quiero averiguar los horarios disponibles para agendar una cita.,pregunta_horario
¿Cuál es el horario de atención para reservar una cita?,pregunta_horario
Me gustaría saber cuándo están disponibles para reservar turno.,pregunta_horario
¿Podría decirme los horarios de atención al cliente?,pregunta_horario
Quiero saber cuándo están disponibles para agendar una cita.,pregunta_horario
¿Cuál es el horario de disponibilidad para reservar turno?,pregunta_horario
Me gustaría conocer los horarios de atención para hacer una cita.,pregunta_horario
¿Podría proporcionarme los horarios para agendar una cita?,pregunta_horario
Quiero averiguar los horarios disponibles para hacer una cita.,pregunta_horario
¿Cuál es el horario de atención para reservar turno?,pregunta_horario
Me gustaría saber cuándo están disponibles para reservar.,pregunta_horario
¿Podría decirme los horarios de atención al cliente?,pregunta_horario
Quiero saber cuándo están disponibles para agendar una consulta.,pregunta_horario
¿Cuál es el horario de disponibilidad para hacer una cita?,pregunta_horario
Me gustaría conocer los horarios de disponibilidad para agendar una cita.,pregunta_horario
¿Podría proporcionarme los horarios de consulta disponibles?,pregunta_horario
Quiero averiguar los horarios de atención para hacer una reserva.,pregunta_horario
¿Cuál es el horario de disponibilidad para hacer una cita?,pregunta_horario
Me gustaría saber cuándo están disponibles para hacer una cita médica.,pregunta_horario
¿Podría decirme los horarios de atención al cliente?,pregunta_horario
Quiero saber cuándo están disponibles para reservar una consulta.,pregunta_horario
¿Cuál es el horario de disponibilidad para reservar turno?,pregunta_horario
Me gustaría conocer los horarios de atención para agendar.,pregunta_horario
¿Podría proporcionarme los horarios para hacer una cita?,pregunta_horario
Quiero averiguar los horarios disponibles para agendar una cita.,pregunta_horario
¿Cuál es el horario de atención para reservar una cita?,pregunta_horario
Me gustaría saber cuándo están disponibles para reservar turno.,pregunta_horario
¿Podría decirme los horarios de atención al cliente?,pregunta_horario
Quiero saber cuándo están disponibles para agendar una cita.,pregunta_horario
¿Cuál es el horario de disponibilidad para reservar turno?,pregunta_horario
Me gustaría conocer los horarios de atención para hacer una cita.,pregunta_horario
¿Podría proporcionarme los horarios para agendar una cita?,pregunta_horario
Quiero averiguar los horarios disponibles para hacer una cita.,pregunta_horario
¿Cuál es el horario de atención para reservar turno?,pregunta_horario
Me gustaría saber cuándo están disponibles para reservar.,pregunta_horario
¿Podría decirme los horarios de atención al cliente?,pregunta_horario
¿Cuál es la especialidad del médico?,pregunta_especialidad
¿Podrías decirme las áreas de especialización disponibles?,pregunta_especialidad
¿Qué tipo de consultas se realizan?,pregunta_especialidad
¿Cuáles son las ramas médicas del hospital?,pregunta_especialidad
¿Cuál es el campo médico de los profesionales?,pregunta_especialidad
¿Tienen especialidades clínicas?,pregunta_especialidad
¿Podrías decirme las áreas de tratamiento?,pregunta_especialidad
¿Cuáles son las especialidades de los médicos?,pregunta_especialidad
¿En qué disciplinas médicas se especializan?,pregunta_especialidad
¿Cuáles son los campos especializados?,pregunta_especialidad
¿Ofrecen servicios médicos?,pregunta_especialidad
¿En qué áreas se enfocan los profesionales?,pregunta_especialidad
¿Cuáles son las especialidades terapéuticas disponibles?,pregunta_especialidad
¿Puedes decirme las especialidades del consultorio?,pregunta_especialidad
¿Qué tipos de servicios médicos brindan?,pregunta_especialidad
¿Cuáles son las ramas de atención médica?,pregunta_especialidad
¿Tienen campos de tratamiento?,pregunta_especialidad
¿En qué se especializa el centro médico?,pregunta_especialidad
¿Cuáles son los tipos de atención médica?,pregunta_especialidad
¿Puedes decirme las áreas hospitalarias?,pregunta_especialidad
¿Qué servicios de especialidad ofrecen?,pregunta_especialidad
¿En qué disciplinas hospitalarias se enfocan?,pregunta_especialidad
¿Tienen especialidades quirúrgicas?,pregunta_especialidad
¿En qué campos clínicos se especializan?,pregunta_especialidad
¿Qué tipos de servicios médicos brindan?,pregunta_especialidad
¿Cuáles son las ramas de cuidados médicos?,pregunta_especialidad
¿En qué áreas de especialidad médica se enfocan?,pregunta_especialidad
¿Qué servicios de terapia ofrecen?,pregunta_especialidad
¿Tienen consultas de especialidades?,pregunta_especialidad
¿Cuáles son los tipos de cuidados?,pregunta_especialidad
¿En qué ramas terapéuticas se especializan?,pregunta_especialidad
¿Qué áreas de asistencia médica ofrecen?,pregunta_especialidad
¿Cuáles son los servicios médicos especializados?,pregunta_especialidad
¿En qué disciplinas terapéuticas se enfocan?,pregunta_especialidad
¿Tienen especialidades de consultas?,pregunta_especialidad
¿Qué tipos de tratamientos ofrecen?,pregunta_especialidad
¿Cuáles son las ramas de atención médica?,pregunta_especialidad
¿En qué áreas de especialidad se centran?,pregunta_especialidad
¿Qué servicios médicos proporcionan?,pregunta_especialidad
¿Cuáles son las ramas de tratamiento disponibles?,pregunta_especialidad
¿En qué disciplinas de atención se especializan?,pregunta_especialidad
¿Tienen áreas de especialización?,pregunta_especialidad
¿Qué tipos de servicios de especialidad tienen?,pregunta_especialidad
¿Cuáles son las ramas de tratamiento médico?,pregunta_especialidad
¿En qué campos médicos se enfocan?,pregunta_especialidad
¿Qué servicios especializados ofrecen?,pregunta_especialidad
¿Cuáles son las ramas terapéuticas?,pregunta_especialidad
¿En qué disciplinas médicas se centran?,pregunta_especialidad
¿Qué áreas de especialidad médica tienen?,pregunta_especialidad
¿Cuáles son los campos de atención?,pregunta_especialidad
¿En qué especialidades se enfocan?,pregunta_especialidad
¿Qué tipos de servicios clínicos ofrecen?,pregunta_especialidad
¿Cuáles son las ramas médicas?,pregunta_especialidad
¿En qué áreas médicas se centran?,pregunta_especialidad
¿Qué tipos de atención terapéutica brindan?,pregunta_especialidad
¿Cuáles son las especialidades del centro médico?,pregunta_especialidad
¿En qué disciplinas de especialidad se enfocan?,pregunta_especialidad
¿Qué áreas de tratamiento médico ofrecen?,pregunta_especialidad
¿Cuáles son los servicios terapéuticos disponibles?,pregunta_especialidad
¿En qué ramas de cuidados se especializan?,pregunta_especialidad
¿Qué tipos de tratamientos médicos tienen?,pregunta_especialidad
¿Cuáles son las áreas de especialización del consultorio?,pregunta_especialidad
¿En qué campos de asistencia se centran?,pregunta_especialidad
¿Qué tipos de cuidados terapéuticos brindan?,pregunta_especialidad
¿Cuáles son las especialidades del hospital?,pregunta_especialidad
¿En qué disciplinas de cuidados se especializan?,pregunta_especialidad
¿Qué áreas de especialidad ofrecen?,pregunta_especialidad
¿Cuáles son los servicios de atención médica?,pregunta_especialidad
¿En qué ramas terapéuticas se centran?,pregunta_especialidad
¿Qué tipos de tratamientos terapéuticos tienen?,pregunta_especialidad
¿Cuáles son las áreas de especialización de los doctores?,pregunta_especialidad
¿En qué campos de especialidad médica se enfocan?,pregunta_especialidad
¿Qué tipos de servicios médicos tienen?,pregunta_especialidad
¿Cuáles son las ramas médicas del centro?,pregunta_especialidad
¿En qué disciplinas médicas se especializan?,pregunta_especialidad
¿Qué áreas de tratamiento ofrecen?,pregunta_especialidad
¿Cuáles son los servicios médicos especializados?,pregunta_especialidad
¿En qué disciplinas de atención se especializan?,pregunta_especialidad
¿Tienen áreas de especialización?,pregunta_especialidad
¿Qué tipos de servicios de especialidad tienen?,pregunta_especialidad
¿Cuáles son las ramas de tratamiento médico?,pregunta_especialidad
¿En qué campos médicos se enfocan?,pregunta_especialidad
¿Qué servicios especializados ofrecen?,pregunta_especialidad
¿Cuáles son las ramas terapéuticas?,pregunta_especialidad
¿En qué disciplinas médicas se centran?,pregunta_especialidad
¿Qué áreas de especialidad médica tienen?,pregunta_especialidad
¿Cuáles son los campos de atención?,pregunta_especialidad
¿En qué especialidades se enfocan?,pregunta_especialidad
¿Qué tipos de servicios clínicos ofrecen?,pregunta_especialidad
¿Cuáles son las ramas médicas?,pregunta_especialidad
¿En qué áreas médicas se centran?,pregunta_especialidad
¿Qué tipos de atención terapéutica brindan?,pregunta_especialidad
¿Cuáles son las especialidades del centro médico?,pregunta_especialidad
¿Cómo puedo obtener los resultados de los análisis?,consulta_resultados
¿Dónde puedo ver los resultados de mis exámenes?,consulta_resultados
¿Cuándo estarán listos los resultados de la prueba?,consulta_resultados
¿Es posible acceder a los resultados en línea?,consulta_resultados
¿Hay alguna plataforma para ver los resultados?,consulta_resultados
¿Cómo puedo obtener una copia de los resultados médicos?,consulta_resultados
¿Dónde debo dirigirme para conocer los resultados?,consulta_resultados
¿Cuándo estarán disponibles los resultados del estudio?,consulta_resultados
¿Hay un tiempo estimado para la entrega de los resultados?,consulta_resultados
¿Puedo recibir los resultados por correo electrónico?,consulta_resultados
¿Cómo se notificarán los resultados de la muestra tomada?,consulta_resultados
¿Dónde puedo revisar los resultados de mis análisis clínicos?,consulta_resultados
¿Cuándo podré obtener los resultados de los exámenes de laboratorio?,consulta_resultados
¿Hay algún procedimiento para obtener los resultados de las pruebas realizadas?,consulta_resultados
¿Cómo puedo saber los resultados de la radiografía que me tomaron?,consulta_resultados
¿Dónde puedo encontrar la información de los resultados de la resonancia magnética?,consulta_resultados
¿Cuándo podré obtener acceso a los resultados de los estudios médicos?,consulta_resultados
¿Hay un lugar específico para recoger los resultados de los exámenes?,consulta_resultados
¿Cómo se informará sobre los resultados de los análisis de sangre?,consulta_resultados
¿Dónde se publicarán los resultados de las pruebas médicas?,consulta_resultados
¿Cuándo se esperan los resultados de los estudios patológicos?,consulta_resultados
¿Hay alguna manera de obtener una vista previa de los resultados de las pruebas?,consulta_resultados
¿Cómo puedo verificar los resultados de la prueba de laboratorio?,consulta_resultados
¿Dónde estarán disponibles los resultados de los exámenes radiológicos?,consulta_resultados
¿Cuándo estarán disponibles los resultados de la tomografía realizada?,consulta_resultados
¿Es posible recibir una notificación sobre los resultados de los análisis realizados?,consulta_resultados
¿Cómo podré acceder a los resultados de los estudios de imagen?,consulta_resultados
¿Dónde debo dirigirme para obtener los resultados de los estudios cardiológicos?,consulta_resultados
¿Cuándo podré ver los resultados de los exámenes de orina?,consulta_resultados
¿Puedo obtener los resultados de las pruebas médicas por mensaje de texto?,consulta_resultados
¿Cómo puedo obtener los resultados de los estudios endoscópicos?,consulta_resultados
¿Dónde estarán disponibles los resultados de las evaluaciones neurológicas?,consulta_resultados
¿Cuándo podré acceder a los resultados de los análisis de laboratorio?,consulta_resultados
¿Hay alguna aplicación para consultar los resultados de los exámenes?,consulta_resultados
¿Cómo podré obtener los resultados de los estudios de ultrasonido?,consulta_resultados
¿Dónde puedo buscar los resultados de los análisis de hormonas?,consulta_resultados
¿Cuándo estarán disponibles los resultados de los exámenes de imagenología?,consulta_resultados
¿Puedo obtener una copia impresa de los resultados de los estudios médicos?,consulta_resultados
¿Cómo puedo obtener los resultados de las pruebas genéticas realizadas?,consulta_resultados
¿Dónde puedo revisar los resultados de las pruebas de densitometría ósea?,consulta_resultados
¿Cuándo se publicarán los resultados de las pruebas de imagen por resonancia?,consulta_resultados
¿Hay alguna manera de obtener los resultados de los exámenes de patología?,consulta_resultados
¿Cómo podré conocer los resultados de los análisis de función renal?,consulta_resultados
¿Dónde puedo buscar los resultados de las pruebas de biopsia realizadas?,consulta_resultados
¿Cuándo podré obtener los resultados de los exámenes de alergias?,consulta_resultados
¿Puedo acceder a los resultados de los estudios de neuroimagen?,consulta_resultados
¿Cómo se me notificarán los resultados de los análisis de laboratorio?,consulta_resultados
¿Dónde estarán disponibles los resultados de las pruebas de cardiología?,consulta_resultados
¿Cuándo podré ver los resultados de los exámenes de función hepática?,consulta_resultados
¿Es posible obtener una vista previa de los resultados de las pruebas de ADN?,consulta_resultados
¿Dónde podré revisar los resultados de las pruebas de análisis de orina?,consulta_resultados
¿Cuándo podré ver los resultados de los exámenes de radiografía dental?,consulta_resultados
¿Puedo acceder a los resultados de los estudios de biopsia por endoscopia?,consulta_resultados
¿Cómo puedo obtener los resultados de las pruebas de diagnóstico por imagen?,consulta_resultados
¿Dónde podré buscar los resultados de las pruebas de serología realizadas?,consulta_resultados
¿Cuándo estarán disponibles los resultados de los exámenes de pruebas de alergia?,consulta_resultados
¿Es posible obtener los resultados de los estudios de biopsia por ecografía?,consulta_resultados
¿Dónde estarán disponibles los resultados de las pruebas de microbiología?,consulta_resultados
¿Cuándo podré obtener los resultados de los exámenes de imágenes de resonancia magnética?,consulta_resultados
¿Cómo se publicarán los resultados de las pruebas de biopsia por ultrasonido?,consulta_resultados
¿Dónde podré revisar los resultados de las pruebas de análisis de sangre?,consulta_resultados
¿Cuándo estarán disponibles los resultados de los exámenes de análisis de heces?,consulta_resultados
¿Puedo obtener acceso a los resultados de los estudios de biopsia por tomografía?,consulta_resultados
¿Cómo podré obtener los resultados de las pruebas de diagnóstico por ecocardiograma?,consulta_resultados
¿Dónde puedo buscar los resultados de las pruebas de análisis de hormonas?,consulta_resultados
¿Cuándo podré acceder a los resultados de los exámenes de pruebas de alergias?,consulta_resultados
¿Es posible obtener los resultados de los estudios de biopsia por radiografía?,consulta_resultados
¿Dónde podré encontrar los resultados de las pruebas de análisis de orina?,consulta_resultados
¿Cuándo estarán disponibles los resultados de los exámenes de imágenes por tomografía computarizada?,consulta_resultados
¿Puedo obtener los resultados de los estudios de biopsia por resonancia magnética?,consulta_resultados
¿Cómo puedo obtener los resultados de las pruebas de diagnóstico por gammagrafía?,consulta_resultados
¿Dónde puedo buscar los resultados de las pruebas de análisis de muestras de tejido?,consulta_resultados
¿Cuándo podré obtener acceso a los resultados de los exámenes de análisis de sangre?,consulta_resultados
¿Es posible obtener una vista previa de los resultados de los estudios de biopsia por resonancia magnética?,consulta_resultados
¿Dónde podré acceder a los resultados de las pruebas de análisis de orina?,consulta_resultados
¿Cuándo podré ver los resultados de los exámenes de radiografía por tomografía computarizada?,consulta_resultados
¿Puedo obtener acceso a los resultados de los estudios de biopsia por ecografía?,consulta_resultados
¿Cómo podré obtener los resultados de las pruebas de diagnóstico por tomografía computarizada?,consulta_resultados
¿Dónde puedo buscar los resultados de las pruebas de análisis de orina y sangre?,consulta_resultados
¿Cuándo podré obtener acceso a los resultados de los exámenes de análisis de muestras de tejido?,consulta_resultados
¿Es posible obtener una vista previa de los resultados de los estudios de biopsia por resonancia magnética y tomografía?,consulta_resultados
¿Dónde podré acceder a los resultados de las pruebas de análisis de muestras de tejido y sangre?,consulta_resultados
¿Puedo solicitar una receta para mi medicamento?,pregunta_receta
"Necesito una receta para renovar mi medicación, ¿cómo puedo obtenerla?",pregunta_receta
¿El médico puede enviarme la receta por correo electrónico?,pregunta_receta
¿Puedo solicitar una receta para mi tratamiento actual?,pregunta_receta
¿Podría obtener una receta médica para mi condición?,pregunta_receta
¿Cómo puedo obtener una receta para mis medicamentos?,pregunta_receta
¿Es posible solicitar una receta para mis pastillas?,pregunta_receta
¿El doctor puede extenderme la receta de mi tratamiento?,pregunta_receta
¿Se puede obtener la receta de forma digital?,pregunta_receta
¿Puedo solicitar la receta médica por teléfono?,pregunta_receta
¿Es necesario pedir cita para obtener la receta?,pregunta_receta
¿Puedo obtener una receta para mis medicinas de uso continuo?,pregunta_receta
¿Hay alguna restricción para obtener la receta de mi tratamiento?,pregunta_receta
¿Puedo solicitar una receta para la dosis de mi medicación?,pregunta_receta
¿Se puede solicitar una receta para medicamentos sin cita previa?,pregunta_receta
¿Cómo puedo obtener una receta para mis píldoras?,pregunta_receta
¿Qué debo llevar para obtener la receta médica?,pregunta_receta
¿Es necesario el historial médico para obtener la receta?,pregunta_receta
¿Puedo solicitar una receta para mi tratamiento vencido?,pregunta_receta
¿La receta médica tiene algún costo?,pregunta_receta
¿Se puede obtener la receta en la farmacia directamente?,pregunta_receta
¿El médico de cabecera puede proporcionar la receta sin consulta?,pregunta_receta
¿Puedo pedir una receta para mis pastillas sin revisión médica?,pregunta_receta
¿Cómo puedo obtener una receta para medicamentos controlados?,pregunta_receta
¿Puedo obtener la receta para mis medicamentos si la he perdido?,pregunta_receta
¿Es posible obtener una receta para un tratamiento sin hacer consulta previa?,pregunta_receta
¿Puedo obtener la receta de mi tratamiento a través de la web?,pregunta_receta
¿Qué información necesito para obtener la receta de mi medicamento?,pregunta_receta
¿Se puede obtener la receta médica por videollamada?,pregunta_receta
¿Puedo pedir una receta para mi tratamiento crónico por teléfono?,pregunta_receta
¿Qué debo hacer si la receta de mi medicamento está a punto de caducar?,pregunta_receta
¿Se puede solicitar una receta para mis pastillas por mensaje de texto?,pregunta_receta
¿Cómo puedo obtener una receta para mi medicina si estoy fuera del país?,pregunta_receta
¿Puedo obtener una receta para mi tratamiento en línea?,pregunta_receta
¿Se puede obtener la receta médica en cualquier centro de salud?,pregunta_receta
¿Es posible obtener la receta de mi medicamento si estoy en otro estado?,pregunta_receta
¿Puedo obtener la receta de mi tratamiento en una farmacia diferente?,pregunta_receta
¿Es necesario llevar los medicamentos para obtener la receta médica?,pregunta_receta
¿Puedo solicitar una receta para mi tratamiento por correo postal?,pregunta_receta
¿Cómo puedo obtener una receta para mi tratamiento de larga duración?,pregunta_receta
¿Se puede solicitar la receta médica por fax?,pregunta_receta
¿Puedo obtener la receta de mi medicamento si no tengo seguro médico?,pregunta_receta
¿Cómo puedo obtener la receta para mi medicina si me encuentro en el extranjero?,pregunta_receta
¿Puedo obtener una receta para mi tratamiento si estoy en el extranjero?,pregunta_receta
¿Se puede solicitar la receta médica para mi medicina por correo ordinario?,pregunta_receta
¿Puedo obtener una receta para mi medicación si estoy en otra ciudad?,pregunta_receta
¿Cómo puedo obtener una receta para mi tratamiento si me mudo de ciudad?,pregunta_receta
¿Se puede obtener la receta médica si no tengo historial en el centro de salud?,pregunta_receta
¿Puedo obtener la receta de mi tratamiento si no tengo registro médico?,pregunta_receta
¿Cómo puedo obtener una receta para mi medicina si no tengo seguro de salud?,pregunta_receta
¿Puedo solicitar la receta para mi tratamiento por correo certificado?,pregunta_receta
¿Se puede obtener una receta para mi medicación si no tengo médico de cabecera?,pregunta_receta
¿Puedo obtener la receta de mi tratamiento si no estoy registrado en ningún centro médico?,pregunta_receta
¿Cómo puedo obtener una receta para mi medicamento si no tengo tarjeta sanitaria?,pregunta_receta
¿Puedo obtener la receta médica si no tengo seguro médico vigente?,pregunta_receta
¿Se puede obtener la receta para mi medicación si no tengo cita previa?,pregunta_receta
¿Puedo solicitar una receta para mi tratamiento sin tener afiliación médica?,pregunta_receta
¿Cómo puedo obtener una receta para mi medicina si no tengo ningún documento médico?,pregunta_receta
¿Puedo obtener la receta de mi tratamiento sin tener seguro de salud?,pregunta_receta
¿Se puede obtener la receta médica para mi tratamiento sin estar registrado en ningún centro de salud?,pregunta_receta
¿Puedo obtener la receta de mi medicación si no tengo historial médico?,pregunta_receta
¿Cómo puedo obtener una receta para mi tratamiento si no tengo ningún tipo de seguro médico?,pregunta_receta
¿Puedo obtener la receta para mi medicina sin tener un médico asignado?,pregunta_receta
¿Se puede obtener la receta médica si no tengo seguro médico privado?,pregunta_receta
¿Puedo obtener la receta de mi tratamiento sin estar registrado en el sistema sanitario?,pregunta_receta
¿Cómo puedo obtener una receta para mi medicamento sin tener tarjeta de afiliación médica?,pregunta_receta
¿Aceptan mi seguro médico para consultas en esta clínica?,consulta_seguro
¿Qué tipos de seguros médicos son aceptados aquí?,consulta_seguro
¿Pueden informarme sobre los procedimientos cubiertos por mi seguro de salud?,consulta_seguro
¿Mi póliza de seguro incluye consultas con especialistas externos?,consulta_seguro
¿Cómo puedo verificar si mi seguro cubre esta consulta específica?,consulta_seguro
¿Existen restricciones en mi seguro médico para consultas fuera de mi área de residencia?,consulta_seguro
¿Cuál es el copago para las consultas médicas bajo mi plan de seguro?,consulta_seguro
¿El seguro cubre las pruebas de laboratorio que podrían ser necesarias después de la consulta?,consulta_seguro
¿Cómo puedo saber si necesito una autorización previa para esta consulta?,consulta_seguro
¿Se requiere algún documento adicional para que mi seguro cubra esta consulta?,consulta_seguro
¿El seguro médico cubre consultas por telemedicina?,consulta_seguro
¿Puedo obtener reembolso si pago por la consulta y luego presento la factura a mi seguro?,consulta_seguro
¿Hay alguna limitación en la cantidad de consultas que puedo hacer por mes o año?,consulta_seguro
¿Cómo funciona la facturación si consulto a un médico fuera de la red de mi seguro?,consulta_seguro
¿Mi seguro cubre la consulta de un médico especialista en el extranjero?,consulta_seguro
¿Cuánto tiempo tengo para presentar la factura de la consulta para ser reembolsado por el seguro?,consulta_seguro
¿Mi seguro cubre consultas de medicina alternativa o terapias complementarias?,consulta_seguro
¿Qué debo hacer si mi seguro no cubre la consulta y ya he recibido el servicio médico?,consulta_seguro
¿Hay alguna restricción de edad para las consultas cubiertas por mi seguro?,consulta_seguro
¿Puedo cambiar de médico dentro de mi seguro sin perder la cobertura para las consultas?,consulta_seguro
¿El seguro cubre consultas de salud mental o psicológica?,consulta_seguro
¿Qué sucede si la consulta requiere procedimientos o tratamientos adicionales no cubiertos por mi seguro?,consulta_seguro
¿Puedo recibir consultas médicas de emergencia fuera del país con mi seguro actual?,consulta_seguro
¿Hay un límite en la distancia que puedo viajar para obtener consultas cubiertas por mi seguro?,consulta_seguro
¿El seguro cubre la consulta de un médico de cabecera o solo especialistas?,consulta_seguro
¿Cómo puedo solicitar un reembolso si he pagado por una consulta que mi seguro debería cubrir?,consulta_seguro
¿Qué procede si el médico sugiere un tratamiento no cubierto por mi seguro después de la consulta?,consulta_seguro
¿Mi seguro médico cubre consultas en clínicas o centros médicos específicos?,consulta_seguro
¿El seguro cubre las consultas relacionadas con condiciones médicas preexistentes?,consulta_seguro
¿Qué debo hacer si la consulta recomendada por mi médico no está cubierta por mi seguro?,consulta_seguro
¿Cómo puedo saber si mi seguro cubre consultas médicas en el extranjero?,consulta_seguro
¿Puedo recibir consultas médicas virtuales con especialistas a través de mi seguro?,consulta_seguro
¿El seguro cubre consultas médicas de control o seguimiento después de tratamientos?,consulta_seguro
¿Existen opciones de consulta a domicilio cubiertas por mi seguro?,consulta_seguro
¿El seguro cubre consultas médicas de rutina y exámenes de control?,consulta_seguro
¿Cómo puedo saber si mi seguro cubre la consulta con un médico especializado en una enfermedad específica?,consulta_seguro
¿El seguro cubre las consultas médicas realizadas por teléfono?,consulta_seguro
¿Qué debo hacer si olvidé llevar mi tarjeta de seguro para una consulta?,consulta_seguro
¿Existen restricciones geográficas para las consultas cubiertas por mi seguro?,consulta_seguro
¿Puedo obtener una lista de médicos y clínicas asociadas con mi seguro para consultas?,consulta_seguro
¿El seguro cubre las consultas de medicina preventiva o chequeos de salud?,consulta_seguro
¿Cómo puedo saber si mi seguro cubre tratamientos posteriores a la consulta médica?,consulta_seguro
¿Puedo programar consultas médicas futuras y verificar si están cubiertas por mi seguro?,consulta_seguro
¿El seguro cubre las consultas de un médico de cabecera para enfermedades comunes?,consulta_seguro
¿Qué debo hacer si el médico de la red de mi seguro no está disponible para una consulta urgente?,consulta_seguro
¿Mi seguro cubre consultas para enfermedades crónicas o de larga duración?,consulta_seguro
¿Puedo obtener información sobre los costos de consulta antes de agendar una cita?,consulta_seguro
¿El seguro cubre las consultas médicas de atención primaria?,consulta_seguro
¿Qué sucede si el médico recomienda una consulta con un especialista no cubierto por mi seguro?,consulta_seguro
¿Puedo recibir reembolso si el médico de mi elección no está en la red de proveedores de mi seguro?,consulta_seguro
¿El seguro cubre las consultas para la atención de lesiones o accidentes?,consulta_seguro
¿Hay límites en la cantidad de consultas que puedo programar en un período específico con mi seguro?,consulta_seguro
¿Puedo solicitar una consulta de segunda opinión cubierta por mi seguro?,consulta_seguro
¿Cómo puedo confirmar si mi seguro cubre la consulta en un hospital específico?,consulta_seguro
¿El seguro cubre las consultas para el manejo del dolor crónico?,consulta_seguro
¿Puedo obtener consultas médicas de especialistas no ubicados en mi área geográfica?,consulta_seguro
¿Qué pasa si la consulta inicial con un médico genera la necesidad de ver a otro especialista?,consulta_seguro
¿El seguro cubre las consultas para el tratamiento de enfermedades infecciosas?,consulta_seguro
¿Puedo recibir consultas médicas relacionadas con problemas de salud dental bajo mi seguro?,consulta_seguro
¿Qué debo hacer si tengo dudas sobre la cobertura de mi seguro para una consulta específica?,consulta_seguro
¿El seguro cubre consultas para la gestión de condiciones crónicas como la diabetes o la hipertensión?,consulta_seguro
¿Puedo recibir consultas médicas si no tengo mi tarjeta de seguro pero tengo mi número de póliza?,consulta_seguro
¿Qué sucede si mi médico primario necesita remitirme a un especialista? ¿Está cubierto por mi seguro?,consulta_seguro
¿El seguro cubre las consultas médicas para el tratamiento de alergias o problemas respiratorios?,consulta_seguro
¿Puedo obtener reembolso si consulto a un médico que no está dentro de la red de mi seguro?,consulta_seguro
¿Cómo puedo saber si mi seguro cubre las consultas para la salud sexual y reproductiva?,consulta_seguro
¿El seguro cubre las consultas de salud para niños o servicios pediátricos?,consulta_seguro
¿Puedo recibir consultas médicas para el manejo del estrés o la salud mental bajo mi seguro?,consulta_seguro
¿Qué debo hacer si el médico de emergencias recomienda una consulta de seguimiento? ¿Está cubierta por mi seguro?,consulta_seguro
¿El seguro cubre las consultas para el control y seguimiento de enfermedades crónicas como el cáncer?,consulta_seguro
¿Puedo recibir consultas médicas si estoy viajando dentro del país pero fuera de mi estado de residencia?,consulta_seguro
¿Cómo puedo confirmar si mi seguro cubre las consultas para enfermedades mentales como la depresión o la ansiedad?,consulta_seguro
¿El seguro cubre las consultas médicas para la gestión del peso o problemas relacionados con la nutrición?,consulta_seguro
¿Puedo recibir consultas médicas para el manejo de problemas de salud crónicos como la artritis?,consulta_seguro
¿Qué sucede si mi médico recomienda una consulta urgente con un especialista no cubierto por mi seguro?,consulta_seguro
¿El seguro cubre las consultas de medicina complementaria o alternativa como la acupuntura?,consulta_seguro
¿Puedo obtener consultas médicas para el manejo de enfermedades gastrointestinales bajo mi seguro?,consulta_seguro
¿Qué debo hacer si necesito una consulta fuera del horario de atención habitual de mi médico primario?,consulta_seguro
¿El seguro cubre las consultas médicas para el tratamiento de enfermedades dermatológicas o problemas de la piel?,consulta_seguro
¿Puedo recibir consultas médicas para el manejo de problemas de salud ocular bajo mi seguro?,consulta_seguro
¿Cómo puedo saber si mi seguro cubre las consultas para la salud del sistema nervioso como la migraña o el dolor de espalda?,consulta_seguro
¿El seguro cubre las consultas médicas para el tratamiento de lesiones deportivas?,consulta_seguro
¿Puedo obtener consultas médicas para el manejo de problemas de salud urogenitales bajo mi seguro?,consulta_seguro
¿Qué pasa si la consulta recomendada por mi médico de atención primaria no está cubierta por mi seguro?,consulta_seguro
¿El seguro cubre las consultas médicas para el manejo de enfermedades respiratorias como el asma?,consulta_seguro
reservar turno,consulta_turno
cita médica,consulta_turno
turno,consulta_turno
agendar cita,consulta_turno
pedir turno,consulta_turno
hora médica,consulta_turno
quiero un turno,consulta_turno
programar cita,consulta_turno
cita con el doctor,consulta_turno
ver disponibilidad,consulta_turno
obtener horario,consulta_turno
solicitar turno,consulta_turno
horario médico,consulta_turno
disponibilidad de citas,consulta_turno
consultar agenda,consulta_turno
reserva de cita,consulta_turno
cita previa,consulta_turno
agenda médica,consulta_turno
verificar disponibilidad,consulta_turno
cita de atención,consulta_turno
agendamiento de cita,consulta_turno
solicitar cita médica,consulta_turno
registro de turno,consulta_turno
asignación de cita,consulta_turno
gestionar cita,consulta_turno
cita médica programada,consulta_turno
confirmar turno,consulta_turno
consulta programada,consulta_turno
agenda de consultas,consulta_turno
solicitar horario,consulta_turno
cita para chequeo,consulta_turno
reserva de consulta,consulta_turno
ver horas disponibles,consulta_turno
cita para exámenes,consulta_turno
ver fecha disponible,consulta_turno
cita con especialista,consulta_turno
cita para revisión,consulta_turno
turno para médico,consulta_turno
cita en línea,consulta_turno
agenda para médico,consulta_turno
cita para análisis,consulta_turno
ver agenda médica,consulta_turno
cita para tratamiento,consulta_turno
solicitud de turno,consulta_turno
registro de cita,consulta_turno
cita con enfermero,consulta_turno
solicitar hora médica,consulta_turno
disponibilidad de turnos,consulta_turno
cita para consulta médica,consulta_turno
cita para terapia,consulta_turno
agendar horario,consulta_turno
cita con odontólogo,consulta_turno
horario para visita,consulta_turno
cita rápida,consulta_turno
ver citas disponibles,consulta_turno
turno para atención,consulta_turno
cita para control,consulta_turno
horario para revisión,consulta_turno
cita de emergencia,consulta_turno
verificar agenda médica,consulta_turno
reserva de horario,consulta_turno
ver fecha de cita,consulta_turno
cita para diagnóstico,consulta_turno
agendar visita médica,consulta_turno
cita para seguimiento,consulta_turno
ver fechas libres,consulta_turno
cita para procedimiento,consulta_turno
horario para examen,consulta_turno
cita para revisión médica,consulta_turno
cita con psicólogo,consulta_turno
verificar horario médico,consulta_turno
cita para vacunación,consulta_turno
cita para chequeo médico,consulta_turno
turno de urgencia,consulta_turno
cita para consulta de seguimiento,consulta_turno
solicitud de horario,consulta_turno
registro de cita en línea,consulta_turno
cita para terapeuta,consulta_turno
cita para prueba,consulta_turno
verificar disponibilidad de hora,consulta_turno
cita para observación,consulta_turno
cita con ginecólogo,consulta_turno
solicitar consulta,consulta_turno
cita para radiografía,consulta_turno
reserva de hora,consulta_turno
cita para ecografía,consulta_turno
cita para especialista médico,consulta_turno
cita para análisis clínicos,consulta_turno
ver disponibilidad de consulta,consulta_turno
cita para control médico,consulta_turno
cita para consulta de especialista,consulta_turno
cita para fisioterapia,consulta_turno
agendar consulta médica,consulta_turno
cita para evaluación,consulta_turno
horario para chequeo,consulta_turno
cita para inmunización,consulta_turno
solicitud de cita médica,consulta_turno
cita para revisión de resultados,consulta_turno
cita para medicina general,consulta_turno
ver fechas de consulta,consulta_turno
cita para salud dental,consulta_turno
cancelar turno,consulta_turno
modificar turno,consulta_turno
cambiar cita,consulta_turno
anular cita,consulta_turno
reprogramar cita,consulta_turno
eliminar turno,consulta_turno
desprogramar cita,consulta_turno
anular,consulta_turno
cancelar mi cita,consulta_turno
suspender turno,consulta_turno
posponer cita,consulta_turno
cancelación de turno,consulta_turno
ajustar cita,consulta_turno
anulación de turno,consulta_turno
cita cancelada,consulta_turno
deshacer cita,consulta_turno
anulación,consulta_turno
cambio de turno,consulta_turno
cancelación de cita,consulta_turno
eliminar mi turno,consulta_turno
reorganizar cita,consulta_turno
revocar turno,consulta_turno
deshacer cita médica,consulta_turno
modificación de turno,consulta_turno
descartar cita,consulta_turno
interrumpir turno,consulta_turno
cancelar hora médica,consulta_turno
anular compromiso,consulta_turno
cita eliminada,consulta_turno
deshacer reserva,consulta_turno
suspensión de turno,consulta_turno
posponer turno,consulta_turno
cancelar visita,consulta_turno
terminar cita,consulta_turno
cancelar hora,consulta_turno
cita médica anulada,consulta_turno
revocación de cita,consulta_turno
eliminar cita,consulta_turno
cita médica cancelada,consulta_turno
rechazar turno,consulta_turno
anular consulta,consulta_turno
cancelación de hora,consulta_turno
cita cancelada por favor,consulta_turno
cita modificada,consulta_turno
deshacer compromiso,consulta_turno
cancelar asistencia,consulta_turno
suspender cita,consulta_turno
anular reserva,consulta_turno
cancelar sesión,consulta_turno
deshacer cita con el doctor,consulta_turno
cita médica modificada,consulta_turno
cancelar horario,consulta_turno
anular inscripción,consulta_turno
cita médica eliminada,consulta_turno
deshacer inscripción,consulta_turno
cita deshecha,consulta_turno
cancelar hora previamente agendada,consulta_turno
revocar cita médica,consulta_turno
cancelar sesión médica,consulta_turno
descartar turno médico,consulta_turno
cancelar participación,consulta_turno
suspensión de cita,consulta_turno
cambio de hora médica,consulta_turno
deshacer compromiso médico,consulta_turno
cancelar hora de consulta,consulta_turno
anular compromiso médico,consulta_turno
cancelar sesión de atención,consulta_turno
eliminar cita médica,consulta_turno
cita eliminada por favor,consulta_turno
cancelación de compromiso,consulta_turno
cambio de visita,consulta_turno
anular asistencia,consulta_turno
cancelar hora con el doctor,consulta_turno
terminación de cita,consulta_turno
cita médica rechazada,consulta_turno
revocar reserva,consulta_turno
cancelación de compromiso médico,consulta_turno
deshacer hora médica,consulta_turno
cita médica suspendida,consulta_turno
cancelar visita médica,consulta_turno
deshacer reserva médica,consulta_turno
suspender hora,consulta_turno
cancelar sesión con el doctor,consulta_turno
deshacer sesión,consulta_turno
cancelación de asistencia,consulta_turno
cambio de compromiso,consulta_turno
cita médica descartada,consulta_turno
cancelar hora de atención,consulta_turno
terminar cita médica,consulta_turno
anular participación médica,consulta_turno
rechazar hora médica,consulta_turno
cancelar sesión con médico,consulta_turno
revocar hora,consulta_turno
anular hora médica,consulta_turno
eliminar compromiso,consulta_turno
cancelar hora de atención médica,consulta_turno
descartar compromiso,consulta_turno
cambio de compromiso médico,consulta_turno
suspensión de hora médica,consulta_turno
cancelar turno previamente agendado,consulta_turno
deshacer sesión médica,consulta_turno
cancelar sesión de consulta,consulta_turno
eliminar sesión,consulta_turno
deshacer hora de consulta,consulta_turno
cancelar hora de asistencia,consulta_turno
rechazar sesión médica,consulta_turno
anular visita médica,consulta_turno
cancelar compromiso médico,consulta_turno
cancelar cita previamente acordada,consulta_turno
horarios,pregunta_horario
atención horario,pregunta_horario
abierto hoy,pregunta_horario
disponibilidad horaria,pregunta_horario
horario atención,pregunta_horario
horas de atención,pregunta_horario
horario de funcionamiento,pregunta_horario
días disponibles,pregunta_horario
cuándo está abierto,pregunta_horario
horario de apertura,pregunta_horario
ver horarios,pregunta_horario
atención al horario,pregunta_horario
días laborables,pregunta_horario
horario de visita,pregunta_horario
horario de atención al cliente,pregunta_horario
horario laboral,pregunta_horario
días de apertura,pregunta_horario
horario de cierre,pregunta_horario
ver horas de atención,pregunta_horario
horas de operación,pregunta_horario
horario de servicio,pregunta_horario
horario de operación,pregunta_horario
horas de trabajo,pregunta_horario
días hábiles,pregunta_horario
horario comercial,pregunta_horario
horario de disponibilidad,pregunta_horario
horario de atención al público,pregunta_horario
horas de apertura,pregunta_horario
horario de oficina,pregunta_horario
días de atención,pregunta_horario
horario disponible,pregunta_horario
horario de asistencia,pregunta_horario
horario de trabajo,pregunta_horario
horas de disponibilidad,pregunta_horario
horario de consulta,pregunta_horario
días de funcionamiento,pregunta_horario
horas disponibles,pregunta_horario
horas hábiles,pregunta_horario
horario de cita,pregunta_horario
horas laborales,pregunta_horario
horas de servicio al cliente,pregunta_horario
horario de disponibilidad actual,pregunta_horario
horario de apertura actual,pregunta_horario
horas de atención actual,pregunta_horario
horas de operación actual,pregunta_horario
horario de visita actual,pregunta_horario
horario de cierre actual,pregunta_horario
horario de funcionamiento actual,pregunta_horario
horas laborales actuales,pregunta_horario
horario de trabajo actual,pregunta_horario
horario de servicio actual,pregunta_horario
horario de atención actual,pregunta_horario
horas disponibles actualmente,pregunta_horario
horario de asesoramiento actual,pregunta_horario
horario de servicio al cliente actual,pregunta_horario
horario de consulta actual,pregunta_horario
horario disponible actualmente,pregunta_horario
días de funcionamiento actual,pregunta_horario
horas de atención al cliente actuales,pregunta_horario
horas de operación actuales,pregunta_horario
horas de atención actuales,pregunta_horario
horario de cierre actualmente,pregunta_horario
horario de atención actualmente,pregunta_horario
horario de trabajo actualmente,pregunta_horario
horario de disponibilidad actual,pregunta_horario
horario de apertura actualmente,pregunta_horario
horas de servicio actuales,pregunta_horario
días de atención actualmente,pregunta_horario
horario de visita actualmente,pregunta_horario
ver horario de apertura,pregunta_horario
horas de funcionamiento,pregunta_horario
especialidad médica,pregunta_especialidad
tipo consulta,pregunta_especialidad
área médica,pregunta_especialidad
especialidades clínicas,pregunta_especialidad
ramas médicas,pregunta_especialidad
campo médico,pregunta_especialidad
consultas disponibles,pregunta_especialidad
especialidad del doctor,pregunta_especialidad
servicios médicos,pregunta_especialidad
áreas de especialización,pregunta_especialidad
ramas de la medicina,pregunta_especialidad
campo clínico,pregunta_especialidad
especialidades de salud,pregunta_especialidad
especialidades del médico,pregunta_especialidad
disciplinas médicas,pregunta_especialidad
áreas de consulta,pregunta_especialidad
tipos de especialidades,pregunta_especialidad
servicios de salud,pregunta_especialidad
ramas de especialización,pregunta_especialidad
campo de atención médica,pregunta_especialidad
especialidades profesionales,pregunta_especialidad
servicios clínicos,pregunta_especialidad
consultas del doctor,pregunta_especialidad
campos especializados,pregunta_especialidad
especialidades terapéuticas,pregunta_especialidad
servicios del médico,pregunta_especialidad
áreas profesionales,pregunta_especialidad
consultas de salud,pregunta_especialidad
áreas de tratamiento,pregunta_especialidad
especialidades del hospital,pregunta_especialidad
tipos de médicos,pregunta_especialidad
áreas de cuidado médico,pregunta_especialidad
ramas clínicas,pregunta_especialidad
servicios de consulta,pregunta_especialidad
disciplinas de salud,pregunta_especialidad
especialidades de atención,pregunta_especialidad
áreas terapéuticas,pregunta_especialidad
especialidades médicas disponibles,pregunta_especialidad
tipos de tratamientos,pregunta_especialidad
ramas de atención médica,pregunta_especialidad
servicios especializados,pregunta_especialidad
áreas de enfoque,pregunta_especialidad
especialidades del centro médico,pregunta_especialidad
tipos de atención médica,pregunta_especialidad
ramas profesionales,pregunta_especialidad
áreas hospitalarias,pregunta_especialidad
servicios de especialidad,pregunta_especialidad
disciplinas hospitalarias,pregunta_especialidad
especialidades terapéuticas disponibles,pregunta_especialidad
campos de tratamiento,pregunta_especialidad
especialidades del consultorio,pregunta_especialidad
tipos de cuidados,pregunta_especialidad
ramas terapéuticas,pregunta_especialidad
áreas de asistencia médica,pregunta_especialidad
servicios médicos especializados,pregunta_especialidad
disciplinas terapéuticas,pregunta_especialidad
especialidades quirúrgicas,pregunta_especialidad
campos clínicos,pregunta_especialidad
especialidades de consultas,pregunta_especialidad
tipos de servicios médicos,pregunta_especialidad
ramas de cuidados médicos,pregunta_especialidad
áreas de especialidad médica,pregunta_especialidad
servicios de tratamiento,pregunta_especialidad
disciplinas de atención,pregunta_especialidad
especialidades de diagnóstico,pregunta_especialidad
campos de especialización médica,pregunta_especialidad
especialidades de asistencia,pregunta_especialidad
tipos de disciplinas,pregunta_especialidad
ramas hospitalarias,pregunta_especialidad
áreas de diagnóstico,pregunta_especialidad
servicios de atención,pregunta_especialidad
disciplinas de consulta,pregunta_especialidad
especialidades de tratamiento,pregunta_especialidad
campos de enfoque médico,pregunta_especialidad
especialidades de prevención,pregunta_especialidad
tipos de especialidades médicas,pregunta_especialidad
ramas de servicios médicos,pregunta_especialidad
áreas de terapia,pregunta_especialidad
servicios de cuidado médico,pregunta_especialidad
disciplinas de cuidado,pregunta_especialidad
especialidades médicas existentes,pregunta_especialidad
campos de consulta,pregunta_especialidad
especialidades de intervención,pregunta_especialidad
tipos de diagnóstico,pregunta_especialidad
ramas de prevención,pregunta_especialidad
áreas de intervención médica,pregunta_especialidad
servicios de prevención,pregunta_especialidad
disciplinas de intervención,pregunta_especialidad
especialidades de rehabilitación,pregunta_especialidad
campos de diagnóstico médico,pregunta_especialidad
especialidades de rehabilitación disponibles,pregunta_especialidad
tipos de tratamientos médicos,pregunta_especialidad
ramas de rehabilitación,pregunta_especialidad
áreas de prevención,pregunta_especialidad
servicios de diagnóstico,pregunta_especialidad
disciplinas de rehabilitación,pregunta_especialidad
especialidades de diagnóstico disponibles,pregunta_especialidad
campos de atención terapéutica,pregunta_especialidad
resultados análisis,consulta_resultados
informe médico,consulta_resultados
pruebas médicas,consulta_resultados
análisis médicos,consulta_resultados
datos análisis,consulta_resultados
reporte médico,consulta_resultados
ver resultados,consulta_resultados
obtener informe,consulta_resultados
ver análisis,consulta_resultados
ver análisis médicos,consulta_resultados
informe de resultados,consulta_resultados
análisis clínicos,consulta_resultados
informe de análisis,consulta_resultados
obtener resultados,consulta_resultados
ver pruebas médicas,consulta_resultados
informe clínico,consulta_resultados
ver datos análisis,consulta_resultados
informe de pruebas,consulta_resultados
resultados de pruebas,consulta_resultados
ver informe de resultados,consulta_resultados
ver análisis clínicos,consulta_resultados
informe de pruebas médicas,consulta_resultados
resultados de análisis médicos,consulta_resultados
consultar análisis,consulta_resultados
obtener reporte médico,consulta_resultados
ver resultados médicos,consulta_resultados
consultar informe médico,consulta_resultados
ver datos de análisis médicos,consulta_resultados
resultados de pruebas médicas,consulta_resultados
informe de resultados médicos,consulta_resultados
obtener informe de pruebas médicas,consulta_resultados
resultados de análisis clínicos,consulta_resultados
ver informe de resultados médicos,consulta_resultados
consultar análisis médicos,consulta_resultados
obtener resultados de análisis médicos,consulta_resultados
informe de resultados de análisis médicos,consulta_resultados
consultar reporte médico,consulta_resultados
obtener datos de pruebas médicas,consulta_resultados
informe de resultados de pruebas médicas,consulta_resultados
consultar informe de análisis,consulta_resultados
resultados de análisis de resultados médicos,consulta_resultados
ver análisis de resultados médicos,consulta_resultados
obtener reporte de pruebas médicas,consulta_resultados
ver análisis de resultados de pruebas médicas,consulta_resultados
obtener informe de exámenes médicos,consulta_resultados
ver resultados de pruebas médicas,consulta_resultados
obtener informe de análisis médicos,consulta_resultados
resultados de análisis de análisis médicos,consulta_resultados
obtener resultados de análisis de resultados médicos,consulta_resultados
ver informe de resultados de análisis médicos,consulta_resultados
renovar receta,pregunta_receta
nueva receta,pregunta_receta
receta médica,pregunta_receta
prescripción médica,pregunta_receta
solicitar receta,pregunta_receta
orden médica,pregunta_receta
obtener nueva receta,pregunta_receta
renovación de receta,pregunta_receta
solicitar medicación,pregunta_receta
obtener receta médica,pregunta_receta
renovar medicación,pregunta_receta
obtener prescripción,pregunta_receta
pedir medicación,pregunta_receta
renovar prescripción,pregunta_receta
renovar mi receta,pregunta_receta
solicitar renovación de receta,pregunta_receta
nueva orden médica,pregunta_receta
solicitar renovación de prescripción,pregunta_receta
pedir nueva prescripción médica,pregunta_receta
renovar la receta,pregunta_receta
nueva prescripción médica,pregunta_receta
renovar medicación receta,pregunta_receta
solicitar renovación de medicación,pregunta_receta
renovar la prescripción,pregunta_receta
pedir nueva orden,pregunta_receta
renovar la medicación,pregunta_receta
pedir receta renovada,pregunta_receta
renovar medicación prescripción,pregunta_receta
pedir prescripción médica,pregunta_receta
renovar la medicación prescripción,pregunta_receta
pedir receta renovada para medicación,pregunta_receta
renovar receta médica,pregunta_receta
solicitar renovación de receta médica,pregunta_receta
renovar medicación prescripción médica,pregunta_receta
renovar medicación orden médica,pregunta_receta
renovar receta para medicación,pregunta_receta
solicitar renovación de medicación prescripción médica,pregunta_receta
renovación de medicación,pregunta_receta
solicitar nueva receta médica,pregunta_receta
renovar prescripción médica,pregunta_receta
renovar medicación prescripción médica,pregunta_receta
solicitar renovación de receta para medicación,pregunta_receta
renovar receta para medicamentos,pregunta_receta
seguro médico,consulta_seguro
cobertura médica,consulta_seguro
aseguradora,consulta_seguro
seguros aceptados,consulta_seguro
aseguradoras,consulta_seguro
coberturas aceptadas,consulta_seguro
compañías aseguradoras,consulta_seguro
mi seguro es aceptado,consulta_seguro
cobertura de seguro,consulta_seguro
seguros de salud,consulta_seguro
compañía de seguros,consulta_seguro
cobertura de salud,consulta_seguro
seguros de atención médica,consulta_seguro
aseguradoras de salud,consulta_seguro
cobertura de seguro de salud,consulta_seguro
seguro de enfermedad,consulta_seguro
seguros médicos,consulta_seguro
seguros que aceptan,consulta_seguro
cobertura de seguro aceptada,consulta_seguro
seguro de seguro médico,consulta_seguro
seguro de hospitalización,consulta_seguro
seguro de enfermedad aceptado,consulta_seguro
seguro de medicina,consulta_seguro
cobertura de seguro de enfermedad,consulta_seguro
seguro de seguro de atención médica,consulta_seguro
seguro médico de la clínica,consulta_seguro
seguro de seguro de salud aceptado,consulta_seguro
seguro médico que acepta,consulta_seguro
seguro de seguro médico aceptado,consulta_seguro
seguro de seguro médico que aceptan,consulta_seguro
seguro médico que acepta la clínica,consulta_seguro
seguro médico que acepta la institución,consulta_seguro
seguro de salud que acepta la institución médica,consulta_seguro
seguro de seguro de salud que acepta la institución médica,consulta_seguro
seguro de seguro médico aceptado por la clínica,consulta_seguro
seguro de seguro de salud que acepta la clínica,consulta_seguro
seguro médico de la clínica que aceptan,consulta_seguro
seguro de salud que acepta la institución,consulta_seguro
seguro de salud que acepta la institución médica,consulta_seguro
seguro médico aceptado por la institución,consulta_seguro
seguro de salud de la institución,consulta_seguro
seguro de seguro de salud aceptado por la institución,consulta_seguro
seguro de seguro médico que acepta la institución,consulta_seguro
seguro de enfermedad aceptado por la clínica,consulta_seguro
seguro de seguro de salud que acepta la institución médica,consulta_seguro
